Date,Text
Wed Jul 11 14:25:26 +0000 2012,OSTA is on Twitter! Our offices are open during the summer (Mon. - Fri. 8am-4pm) for any changes in your child's information
Fri Jul 13 14:00:17 +0000 2012,Check out our website for updates on our updated policies and procedures regarding walking distances for students in the OCDSB
Tue Jul 31 13:18:51 +0000 2012,Please be sure to review the school bus safety rules with your child(ren). Our brochure can be found on our website under School Bus Safety.
Tue Jul 31 13:24:01 +0000 2012,"Just a reminder that School Bus Safety Awareness day is on Sunday, August 26, 2012. More information can be found on our website."
Tue Aug 07 14:34:53 +0000 2012,"Please note that school bus route information for your child(ren) will be available on the OSTA website AFTER August 15, 2012."
Tue Aug 07 15:29:31 +0000 2012,@OC_Transpo has delayed the implementation of Presto until further notice. information about OC Transpo passes can be found on our website.
Tue Aug 28 13:11:24 +0000 2012,Thank you to all those who participated and volunteered at our 20th annual  School Bus Safety Awareness Day. It was a huge success!
Tue Aug 28 13:12:59 +0000 2012,Office Admin are back in school! OSTA will NO LONGER be making address changes. Please contact your school directly with any new information
Mon Sep 10 19:44:58 +0000 2012,Welcome back to another school year! School buses are on the road again. Thank you for your patience during this busy time.
Thu Sep 20 12:53:55 +0000 2012,Due to a gas leak on Moodie Dr. some First Student Routes (starting with H &amp; C) may experience delays as buses are stuck at the bus yard.
Thu Sep 20 12:56:16 +0000 2012,Some Stock routes (starting with S) may also experience delays. Be advised that parents may need to drive their child to school this morning
Fri Sep 21 14:14:26 +0000 2012,"Wait for the bus at a safe place away from the road. In less than clear weather conditions, it is easier for the driver to see you."
Mon Sep 24 16:23:31 +0000 2012,"Fall has arrived. Make sure your child is dressed for the weather, so they are warm while waiting for the school bus."
Tue Sep 25 13:38:43 +0000 2012,KG ID bands have been distributed to all schools. The bright yellow bands help identify KG students riding the bus. Look out for them!
Thu Sep 27 14:06:07 +0000 2012,"Parents and/ or guardians are urged to meet their child at the bus stops each day, so they aren't left unattended. Student safety first."
Fri Sep 28 13:20:52 +0000 2012,OSTA will start reviewing stop change requests as of October 1st. See details at: http://t.co/OR1C9F8S. We appreciate your patience.
Tue Oct 02 16:05:34 +0000 2012,"In dealing with safety &amp; disciplinary issues, a school bus is considered an extension of the classroom; under the authority of the principal"
Wed Oct 03 13:47:23 +0000 2012,"Don't forget there is a PA Day for elementary and secondary schools this Friday, October 5th &amp; Thanksgiving is on Monday! #ottschools"
Wed Oct 03 13:55:56 +0000 2012,The OSTA Board of Director's Meeting Minutes and Agenda for 2012-2013 school year are now available on our website at: http://t.co/QlZjJlEJ
Wed Oct 03 19:48:15 +0000 2012,@ja_cates @CBCOttawa: OSTA is currently conducting an investigation. Driver has been replaced on the run in the meantime. Please be advised.
Thu Oct 04 15:07:02 +0000 2012,"By law, traffic in BOTH directions MUST stop any time a school bus is stopped with the overhead red lights flashing &amp; stop arm activated."
Thu Oct 04 15:09:56 +0000 2012,"It's a $2,000 fine for breaking this law. Motorists may proceed when the school bus resumes motion &amp; the red lights have stopped flashing"
Wed Oct 10 13:38:04 +0000 2012,It is important all parents and students recognize that the 3-metre perimeter around the bus is considered the danger zone. #safetyfirst
Thu Oct 11 13:44:32 +0000 2012,Poor road conditions due to inclement weather force the cancellation of our transportation services; cancellations apply to the whole day.
Thu Oct 18 16:39:11 +0000 2012,One element of OSTA's school bus safety program is the important role parents share in reinforcing school bus safety.
Thu Oct 18 16:39:43 +0000 2012,Please take the time to review safety procedure with your child several times throughout the school year. #safetyfirst
Fri Oct 19 19:16:31 +0000 2012,"Our strategic plan for safe, efficient and effective transportation is available on our website. Check it out at: http://t.co/JdAy6qqQ"
Tue Oct 23 14:30:00 +0000 2012,What zone is your child's school in? You can find a breakdown of our schools listed in each zone on our website at http://t.co/7m77WcuW
Thu Oct 25 14:23:37 +0000 2012,Did your child forget something on the bus? Call the operator directly for lost and found. Find our operator's list at http://t.co/yjGTLs7r
Wed Oct 31 13:49:31 +0000 2012,"Happy Halloween! If your child is in costume today, make sure to check for anything that could get caught on the bus. #safetyfirst"
Wed Oct 31 14:05:12 +0000 2012,Watch out for excited children if you are driving through a school zones today #halloween
Wed Nov 07 17:54:53 +0000 2012,"@salsababy16: the principal is authorized to discipline a student and/or withhold transportation services, under Board policies. Be advised"
Tue Nov 13 19:24:39 +0000 2012,@salsababy16: OSTA has its own set of policies and procedures. You can find them here: http://t.co/Hdw1ljbe
Tue Nov 13 19:27:50 +0000 2012,"Parents should monitor weather conditions; in case of a bus cancellation, plan an alternative arrangement for your child for the day."
Fri Nov 16 14:22:11 +0000 2012,Happy Friday! No buses on the road today due to a PD Day for both the OCSB &amp; OCDSB. Enjoy your extended weekend!
Mon Nov 19 16:49:26 +0000 2012,*NEW* Financial Statement year ended Aug. 31/12 is now available for viewing on our website: http://t.co/5EZ6B5LG
Wed Nov 21 14:53:54 +0000 2012,Help bring some holiday cheer with OSTA by collecting toys for our Toy Mountain - see more detail here: http://t.co/Rd0pQjAZ
Thu Nov 22 14:46:50 +0000 2012,Check our website for school bus delays or cancellations. Our traffic light indicator is a helpful tool for parents and/or guardians.
Mon Nov 26 14:26:02 +0000 2012,Winter is around the corner. Be prepared for delays in transportation services and make sure your child is dressed for the weather. #ottbus
Thu Nov 29 18:18:37 +0000 2012,"Due to an emergency evacuation at Devonshire PS, students will be picked up at Hintonburg C.C. at their regular time."
Thu Nov 29 18:19:14 +0000 2012,The school is attempting to contact all parents to alert them to this change
Wed Dec 05 21:01:21 +0000 2012,@majic100Ottawa @ctvottawa OSTA's At-Work Santa has been working hard to collect toys for Toy Mountain.
Mon Dec 10 10:39:11 +0000 2012,All small and large buses are cancelled for OCDSB and OCSB today Monday Dec 10 2012.
Tue Dec 11 15:59:16 +0000 2012,ALL transportation for OCDSB elementary students grades JK to 8 will be suspended Wed. Dec. 12/12 due to strike action at various schools
Tue Dec 11 16:00:42 +0000 2012,Transportation for OCDSB and OCSB secondary students and OCSB elementary students will continue as scheduled.
Tue Dec 11 16:02:07 +0000 2012,"ALL Transportation services will resume on Thurs. Dec. 13/12.

Please remember to check our website at http://t.co/JdAy6qqQ for info."
Tue Dec 11 16:05:57 +0000 2012,"All #OCSB schools will operate as usual this Wed, Dec 12. Labour disruptions mentioned in the media do not affect our schools."
Tue Dec 11 16:06:12 +0000 2012,#OCDSB Elementary Schools &amp; Extended Day Programs will be closed tomorrow (Wed. Dec. 12). Find out more @ http://t.co/HCAi5gRZ #ottschools
Mon Dec 17 10:35:07 +0000 2012,ALL school bus and small vehicle transportation for OCSB and OCDSB is cancelled today Monday Dec 17 2012.
Tue Dec 18 09:33:48 +0000 2012,"BUSES ARE RUNNING TODAY, Tuesday Dec 18.  We expect delays, however.  Please check http://t.co/JdAy6qqQ for your route delays."
Fri Dec 21 10:35:03 +0000 2012,All school bus and small vehicle transportation is cancelled today Friday Dec 21 2012 due to heavy snow and gusty winds.
Fri Dec 21 15:05:30 +0000 2012,"Please note our office will be shut down from Dec. 24, 2012 for the Christmas holidays and will reopen on Jan. 7, 2013."
Mon Jan 07 14:20:59 +0000 2013,Happy New Year and Welcome Back students! Our office re-opened today until 5pm.
Fri Jan 11 01:37:06 +0000 2013,OCDSB elementary schools will be closed Friday Jan 11 2013.  All transportation for OCDSB elementary school students is CANCELLED.
Fri Jan 11 01:37:58 +0000 2013,"Transportation for OCDSB secondary students and all OCSB students will continue as planned, although some delays may occur."
Mon Jan 28 19:47:39 +0000 2013,Information about inclement weather (school bus cancellations) can be found on our website at http://t.co/JdAy6qqQ after 6:15AM the day of.
Mon Jan 28 19:54:52 +0000 2013,OSTA will also tweet any inclement weather information - PLEASE NOTE: any school bus cancellations apply to the WHOLE day
Tue Jan 29 09:38:16 +0000 2013,Buses ARE RUNNING today.  Good luck on your exams!
Wed Jan 30 09:31:13 +0000 2013,"Due to road conditions, we anticipate delays on many morning routes this morning.  Check http://t.co/JdAy6qqQ for delays on your bus route."
Fri Feb 08 09:44:24 +0000 2013,"All bus and small vehicle transportation is cancelled today Friday Feb 8.  If you take your childen to school, plz remember to pick them up."
Mon Feb 11 09:35:50 +0000 2013,"Buses are running today, but there may be some delays.  Check http://t.co/JdAy6qqQ for delays on your bus route."
Wed Feb 27 19:05:51 +0000 2013,"Due to poor road conditions, expect delays for ALL school buses this afternoon"
Thu Feb 28 09:04:42 +0000 2013,"School buses are running today, but we expect some delays due to poor road conditions.  Check http://t.co/61ITNIPhgI for your bus route."
Thu Feb 28 20:51:01 +0000 2013,Check ottawaschoolbus.ca for a message from the GM regarding bus delays and cancellation of services.
Thu Feb 28 21:12:25 +0000 2013,OSTA appreciates comments that are constructive and use appropriate language.  We will block anyone who does not follow this rule.
Mon Mar 04 17:03:11 +0000 2013,@lovebritishguys: we apologize for the delay - there was a breakdown this morning for H60; please refer to our website for bus delays
Tue Mar 19 08:51:49 +0000 2013,Busses are running but we expect delays. Check http://t.co/61ITNIPhgI for your bus delays.  Have a good day at school.
Mon Apr 08 15:21:42 +0000 2013,"@NoliesPlace : please contact us directly at 613-224-8800 to further discuss this situation.
Thank you."
Fri Apr 12 10:00:38 +0000 2013,"All student transportation is cancelled today due to expected ice/snow and high winds today.  Schools remain open, however."
Fri Apr 12 14:31:04 +0000 2013,"Our apologies for the delay in posting the school bus cancellation We had trouble loading the website, which has been rectified."
Fri Apr 12 14:31:16 +0000 2013,Thank you for your patience during that time.
Thu Aug 15 16:26:28 +0000 2013,"The stop locator tool on our website was disabled during the summer; it will be up and running again on Monday, August 19th."
Thu Aug 15 16:31:58 +0000 2013,"@SLPSKanata: the stop finder tool will be available to parents/guardians/schools on Monday, August 19, 2013."
Thu Aug 15 16:33:58 +0000 2013,Have you registered your child for our School Bus Safety Awareness program? It's not too late. For more information: http://t.co/AArpczTSrM
Mon Aug 19 13:16:38 +0000 2013,School Bus Route Schedules are now available on the OSTA website. We have also reactivated the Stop Finder for access to information too.
Mon Aug 19 13:20:00 +0000 2013,@PamelaColquhoun: we are in the process of fixing this issue. Please check again later today. Thank you for your patience
Mon Aug 19 17:59:17 +0000 2013,@jenniferbritton: that is the correct number. Please try again. Thank you for your patience.
Mon Aug 19 18:00:50 +0000 2013,@DivaHelen: we are aware of this glitch and are working to fix it now. Please check again later. Thank you for your patience.
Thu Aug 22 16:08:34 +0000 2013,@gmacreations: you can contact our offices directly
Thu Aug 22 16:15:08 +0000 2013,"School Bus Safety Awareness Day is fast approaching - THIS SUNDAY, August 25, 2013 from 9am-1pm. Visit: http://t.co/AArpczTSrM for more info"
Thu Aug 22 20:09:45 +0000 2013,@cated0114: the site is at Sir Wilfred Laurier SS.
Thu Aug 22 20:45:14 +0000 2013,@cated0114:That is correct. We plan for an approximate number so there are enough supplies. It will be a fun day for you &amp; your child. Enjoy
Mon Aug 26 13:38:28 +0000 2013,Thank you to all the parents/guardians/students for another successful Safety Awareness Day! Hope everyone had a fun day! OSTA staff did!
Mon Aug 26 13:39:05 +0000 2013,Very educational time @Safety Awareness Day. Kieran is (hopefully) set to ride a school bus. Thanks @OttSchoolBus #kindergarten #ott @OCDSB
Tue Sep 03 14:01:36 +0000 2013,Welcome Back for the 2013/2014 school year! We appreciate your patience as we ensure your children are arriving at school safely.
Tue Oct 22 16:18:08 +0000 2013,"@thebustopswhere @OCDSB @ottawasuncom: If you have concerns, please call our offices and any one of our staff will assist you directly."
Tue Oct 22 16:19:39 +0000 2013,@thebustopswhere @OCDSB @ottawasuncom: please refer to our policy G9; we will not use this avenue as a platform to discuss confidential info
Fri Nov 01 19:10:54 +0000 2013,"A strike at OSTA is not imminent. It's ""business as usual"" while the bargaining process continues. Check our website and Twitter for news."
Mon Nov 25 14:25:09 +0000 2013,It's starting to get cold outside. Please be sure that your child is properly dressed for the weather while waiting for the school bus.
Mon Nov 25 14:32:22 +0000 2013,Information on school bus cancellations due to inclement weather can be found our website at http://t.co/8gple1t6f8 and Twitter.
Wed Nov 27 10:34:42 +0000 2013,Due to inclement weather all school bus &amp; small vehicle transportation services are cancelled for the entire day today. Schools remain open.
Wed Dec 04 14:47:59 +0000 2013,"For schools interested in the Student Active Transportation Initiative, check out our website at http://t.co/VTS3JmR4wQ for more info."
Mon Jan 06 14:32:41 +0000 2014,ALL school buses for the OCSB &amp; OCDSB are cancelled due to inclement weather. Please note that schools are still open.#ottschool
Mon Feb 03 15:11:05 +0000 2014,OSTA is getting ready for a transformation. We have developed a plan starting in the 2014-2015 school year. For more: http://t.co/PjdljcN7IM
Fri Feb 07 16:37:57 +0000 2014,"Check out the latest story from @metroottawa regarding the upcoming bell time changes for #ottschools
http://t.co/D99bh02n1g"
Fri Feb 07 16:58:27 +0000 2014,@miloo30 @metroottawa: OSTA will be holding Public Consultation from April to June. Updates &amp; more information will be posted on our website
Tue Feb 11 15:13:37 +0000 2014,@CBCOttawa highlights OSTA's upcoming Public Consultation for bell time changes for #ottschool.  Read here: http://t.co/W2OHDrcxrt
Fri Feb 14 11:21:06 +0000 2014,"Transportation is in service today, but there may be delays due to weather / road conditions."
Fri Feb 21 10:28:23 +0000 2014,All yellow school bus and taxi services are cancelled today.  Schools remain open.
Mon Mar 17 16:50:35 +0000 2014,"OSTA will be conducting Public Consultation for bell time changes and walk zone maps. For more information, go to: http://t.co/bC2B5O3Ky8"
Thu Mar 27 10:53:21 +0000 2014,"Due to a fire on Bantree Rd, FirstStudent buses operating out of that location may be delayed."
Tue May 06 20:29:19 +0000 2014,Have you attended an @OttSchoolBus consultation? Learn about proposed changes &amp; submit feedback @ http://t.co/SWxiwAYFMw #ottschools
Tue Jun 17 16:34:24 +0000 2014,"OSTA's School Bus Safety Awareness Day is on Sunday, August 24, 2014. Click here http://t.co/xn1U378Q8A for more info http://t.co/Uhp52MublN"
Thu Jun 19 16:09:42 +0000 2014,"OSTA's last Public Consultation Session for bell times and walk zone changes is Saturday, June 21, 2014.More info: http://t.co/orjALD7edI"
Thu Jun 19 16:11:19 +0000 2014,"Changes will come into effect for the 2015-2016 school year. Parents can provide feedback via email or survey online until July 15, 2014"
Tue Aug 19 15:41:10 +0000 2014,"The OSTA Stop Finder is now up and running. To find your child's school bus information, please click on the link: https://t.co/ArNV7H7RSL"
Tue Aug 19 15:45:45 +0000 2014,School Bus Route Schedules are also available on our website at: http://t.co/EtSVRelqCo.
Wed Aug 20 13:31:37 +0000 2014,"To view the school bus routes, please visit our website at http://t.co/61ITNIPPDi, under the 'School Bus Routes' menu."
Mon Aug 25 14:45:24 +0000 2014,OSTA had another successful School Bus Awareness day on Sunday! Thank you to all the volunteers and parents for participating in this event.
Mon Aug 25 14:46:04 +0000 2014,The OSTA Stop Finder tool is currently experiencing some technical difficulties. Our IT department is working on repairing the issue.
Mon Aug 25 14:46:13 +0000 2014,We appreciate your patience during this time. Please check back throughout the day for your child(ren)s transportation information.
Mon Aug 25 14:51:47 +0000 2014,"@gmacreations: You can call our office at 613-224-8800. Our staff would be happy to assist you, if you require information immediately."
Mon Aug 25 16:21:55 +0000 2014,The OSTA Stop Finder issue has been resolved. School transportation information can be found on this link: http://t.co/scpJzBGVLZ
Mon Sep 29 13:27:39 +0000 2014,Daily Walking School Bus starts today at 8 Ottawa schools. Is yours one of them? Find out more &amp; register your child http://t.co/J1DDjs2k6C:
Mon Sep 29 13:32:56 +0000 2014,Fun and safe way to start the day &amp; get to school w/ the #WalkingSchoolBus @Go_Taylor @OCDSB #ottawa #Ottcity http://t.co/vizH1RtaS2
Wed Oct 15 13:48:07 +0000 2014,New active &amp; safe routes to school for #Ottawa children: http://t.co/cIQmPcsffs #ottnews @walk2schoolyow @OttSchoolBus @SafetyOttawa
Wed Oct 15 14:11:20 +0000 2014,Ottawa Walking School Bus pilot is up &amp; walking. Spaces r still available:  http://t.co/aoNXWUYqnF. @ottawahealth @OCDSB @OttCatholicSB
Wed Oct 22 15:12:36 +0000 2014,"Due to shots fired Parliament Hill - Schools in secure mode: Elgin PS, Lisgar HS, York, Centennial, Glashan, Lady Evelyn, 1st Ave"
Wed Oct 22 15:12:39 +0000 2014,"Additional Schools in secure mode due to shots fired on Parliament Hill: Mutchmor, Glebe, Rockcliffe Park #ocdsb #ottschools"
Wed Oct 22 15:12:44 +0000 2014,Due to shots fired on Parliament Hill 440 Albert also in secure mode #ocdsb #ottschools
Wed Oct 22 15:12:48 +0000 2014,"Additional schools in secure mode due to shots fired on Parliament Hill: Richard Pfaff, Adult, Cambridge #ocdsb #ottschools"
Wed Oct 22 15:12:54 +0000 2014,All #OCDSB downtown schools in Secure Mode - Doors locked students remain in classrooms  #ottschools #ottPublicSB
Wed Oct 22 15:13:10 +0000 2014,"UPDATE: At the advice of @OttawaPolice all #OCDSB schools have been placed in ""secure schools"" - Doors locked - students in classrooms"
Wed Oct 22 15:13:25 +0000 2014,"At the advice of @OttawaPolice all #OCSB schools in the perimeter have been placed in ""secure schools"""
Wed Oct 22 15:22:54 +0000 2014,Parents: Do not go to schools to pick up students - all schools in secure mode or shelter in place - Doors locked
Wed Oct 22 15:26:45 +0000 2014,OSTA will continue to update parents with the latest information during this trying time. Your patience is appreciated.
Wed Oct 22 15:27:41 +0000 2014,We've just been updated by @OttawaPolice and all #OCSB schools EXCEPT for Immaculata Family of schools is being released from lockdown
Wed Oct 22 15:30:15 +0000 2014,"@OttCatholicSB - Immaculata family of schools include: Immaculata CHS, Assumption CES, Corpus Christi CES, St. Brigid CES, St. Michael CES"
Wed Oct 22 15:31:13 +0000 2014,"Parents: Immaculata family of schools include: Immaculata CHS, Assumption CES, Corpus Christi CES, St. Brigid CES, St. Michael CES"
Wed Oct 22 15:49:49 +0000 2014,"Update: St. George School is also still in ""secure schools"" mode"
Wed Oct 22 15:50:05 +0000 2014,"PARENTS: Do not go to pick up your child from Immaculata family of schools or St. George, as school in ""secure schools"" mode"
Wed Oct 22 17:57:01 +0000 2014,"UPDATE: Lisgar HS, York PS, Elgin PS Richard Pfaff, 440 Albert remain in secure mode due to proximity to downtown core #ocdsb #ottschools"
Wed Oct 22 17:57:05 +0000 2014,Buses will run on regular schedule but expect delays. Extended Day Programs will operate as usual.
Wed Oct 22 17:57:17 +0000 2014,Parents: Staff will remain at schools until all children have been picked up or are on bus #ocdsb #ottschools
Wed Oct 22 17:57:17 +0000 2014,"Parents of kids at Elgin PS, Richard Pfaff, York St, Lisgar HS, 440 Albert - you will be contacted with further info by your schools"
Wed Oct 22 17:57:24 +0000 2014,"Parents may pick up their children at school except for those in downtown core - Elgin, Richard Pfaff, York St, Lisgar, 440 Albert #ocdsb"
Wed Oct 22 17:58:16 +0000 2014,UPDATE: at advice of @OttawaPolice all OCSB schools will be dismissed at regular dismissal time. Busses running.
Wed Oct 22 18:05:11 +0000 2014,"Busses are running on regular schedule but if alternate arrangements need to be made,  parents should contact the school"
Wed Oct 22 18:14:17 +0000 2014,Parents do not have to pick up their children...only if they want to...buses are being dispatched as per usual for end of day #ocdsb
Wed Oct 22 18:20:01 +0000 2014,"UPDATE:Elgin PS, RIchard Pfaff, 440 Albert no longer in secure school as per advice of @ottawaPolice #ocdsb #ottschools - Normal Dismal"
Wed Oct 22 18:23:16 +0000 2014,@ameliawalkeer buses are running as usual at the end of the day.
Wed Oct 22 18:23:43 +0000 2014,@ErinLittle4 : buses are running as usual at the end of the day.
Wed Oct 22 18:25:11 +0000 2014,@Malak_RF buses are running as usual at the end of the day.
Wed Oct 22 18:48:42 +0000 2014,"Parents - if you are impacted by lockdown &amp; worried about being late to pick up your child, please call your school. @OttCatholicSB"
Wed Oct 22 18:48:48 +0000 2014,"Two @OCDSB schools remain in ""secure school"" situation: Lisgar Collegiate and York Street. @ctvottawa"
Wed Oct 22 20:58:24 +0000 2014,"Parents - if you are impacted by lockdown &amp; worried about being late to pick up your child, please call your school #ocdsb #ottschools"
Wed Oct 22 21:01:31 +0000 2014,"Due to the nature of today's situation, delays in transportation services are expected. Please contact OSTA directly or your school for info"
Thu Oct 23 15:38:30 +0000 2014,OSTA wants to send out a huge THANK YOU for all the help and hard work of the bus companies and drivers yesterday afternoon.
Thu Oct 23 15:41:14 +0000 2014,Staff went above and beyond in helping OSTA make sure that all the students arrived home safely despite the difficult circumstances.
Tue Nov 11 19:52:20 +0000 2014,Lest We Forget
Mon Nov 17 14:54:55 +0000 2014,"Transportation is in service today, but there may be delays due to inclement weather / road conditions."
Mon Nov 24 15:45:38 +0000 2014,OSTA is promoting the Walking School Bus Pilot project at the Ottawa 67's School Game Day at the CTC.  #GetYourWalkOn http://t.co/kWhgMAhdXw
Mon Nov 24 15:48:24 +0000 2014,@Ottawa67sHockey
Tue Dec 09 21:48:41 +0000 2014,"Follow us to find out about cancellations and/or delays of school bus, small vehicles and walking school bus."
Thu Dec 11 11:50:11 +0000 2014,"Transportation is in service today, Dec 11/14, but there may be delays due to road conditions. Check ottawaschoolbus.ca for bus delays."
Thu Dec 11 14:11:47 +0000 2014,Information on Inclement Weather/Transportation Cancellations can be found http://t.co/KNtr0yUDVI.
Thu Dec 11 14:23:28 +0000 2014,Please note ANY and ALL defamatory/derogatory tweets to this account will be reported and blocked. This kind of language is unacceptable.
Thu Dec 11 14:37:13 +0000 2014,@OttSchoolBus makes busing decisions. Cancellations posted by 6:30. Parents may choose to keep students home. Delays http://t.co/qgo8MqgeqO
Thu Dec 11 17:05:09 +0000 2014,"@heatherfpark: Yes. We can do that. We make the decision at 6:30AM, our first tweet today was at 6:50AM"
Thu Dec 11 21:12:39 +0000 2014,Schoolbus operators ban 'crude' students tweeting complaints about no snow day. http://t.co/Iv5JaohsYX #ottnews
Fri Dec 12 12:17:43 +0000 2014,"Transportation is in service today, Dec. 12/14, but there may be delays due to weather/road conditions."
Fri Dec 12 12:17:51 +0000 2014,Check ottawaschoolbus.ca for bus delays.
Wed Dec 17 10:33:02 +0000 2014,"Due to inclement weather ALL yellow school bus &amp; small vehicle transportation services are cancelled today, Dec. 17/14. Schools remain open."
Wed Dec 17 10:59:24 +0000 2014,"Walking School Bus is also cancelled today, Wednesday December 17, 2014."
Wed Jan 07 12:04:57 +0000 2015,"The ""walking"" School Bus only is cancelled today.  All school buses and small vehicles are running."
Wed Jan 07 14:36:20 +0000 2015,Skin can freeze in just 10 minutes when the wind chill is -28 or colder. Parents: make sure kids are well dressed. #ottschools
Wed Jan 07 14:36:46 +0000 2015,FROSTBITE WARNING in #Ottawa today. Remember to cover up &amp; protect from the cold: http://t.co/cBN0ZqG6OR #ottnews #ottweather
Thu Jan 08 11:15:15 +0000 2015,"Due to the extreme cold, ""Walking"" school bus only is cancelled today. @OCDSB @OttCatholicSB"
Thu Jan 08 17:29:25 +0000 2015,"We've had a lot of followers ask, ""What's a Walking School Bus?"". Click our link for info: http://t.co/I9WgcThmon
@OCDSB @OttCatholicSB"
Fri Jan 30 10:45:40 +0000 2015,"School buses are running today, but we expect delays due to weather/road conditions. Check ottawaschoolbus.ca for bus route delays"
Fri Jan 30 10:45:58 +0000 2015,@OCDSB @OttCatholicSB
Mon Feb 02 10:36:15 +0000 2015,"School buses are running today, but we expect delays due to weather/road conditions. Check ottawaschoolbus.ca for bus route delays"
Wed Feb 11 22:09:38 +0000 2015,"After a 2 yr process, OSTA finalized changes in bell times &amp; walk zone maps for all @OCDSB &amp; @OttCatholicSB schools. http://t.co/nwwclUFic8"
Wed Feb 11 22:53:27 +0000 2015,"@wheeler_laura @OCDSB @OttCatholicSB 
For bell time: http://t.co/fa7FfHxXsV
For walk zone maps: http://t.co/yBbXRVlkFm"
Thu Feb 12 10:45:15 +0000 2015,Transportation is in service today but there may be delays due to weather/road conditions. Check ottawaschoolbus.ca for bus route delays.
Thu Feb 12 10:45:55 +0000 2015,@OCDSB @OttCatholicSB
Thu Feb 12 14:10:53 +0000 2015,@NVquite @OCDSB @OttCatholicSB: we are standardizing bell times to maximum route efficiency. Some schools changed to earlier other later.
Thu Feb 12 16:52:29 +0000 2015,"As per OSTA P&amp;P, students are ELIGIBLE for transport IF:
KG - over 800m, 
Gr. 1-8 - over 1.6km
Gr, 9-12 - over 3.2km
@OCDSB @OttCatholicSB"
Thu Feb 12 16:59:09 +0000 2015,"If you are unsure of your child's eligibility for transportation, please contact OSTA directly and our staff will be happy to help you."
Thu Feb 19 14:43:17 +0000 2015,We would like your feedback on a proposed Variable Transportation P&amp;P! Info can be found at http://t.co/nwwclUFic8. @OCDSB @OttCatholicSB
Wed Mar 04 14:25:27 +0000 2015,@LuckkyZ4 @OCDSB @OttCatholicSB plz contact our office directly. Thanks
Fri Mar 20 14:56:15 +0000 2015,The WSB will be a regular program in the 2015-2016 school yr.  Check our website for more info. @OttCatholicSB @OCDSB @walk2schoolyow
Fri Mar 20 15:03:02 +0000 2015,See our Walking School Bus in action! Watch our new video here: http://t.co/jxudNVr2ja @OttCatholicSB @OCDSB @walk2schoolyow
Wed Apr 01 13:40:04 +0000 2015,OSTA's 1st ever Driver Appreciation Day is on Sat. Apr.11!!! We're looking forward to recognizing the individuals who keep our students safe
Wed Apr 01 13:45:01 +0000 2015,More info on our website http://t.co/nwwclUFic8. Also add 'OSTA Driver Appreciation' group on FB. @OttCatholicSB @OCDSB
Wed Apr 01 13:45:31 +0000 2015,The @TrilliumES Community appreciates our bus and van drivers. Huge thank you! @OCDSB @OttSchoolBus http://t.co/OtEOn9kF61
Wed Apr 01 13:45:36 +0000 2015,We're making cards of appreciation for our bus drivers @stgregory45 @OttSchoolBus http://t.co/8K81bd3z50
Thu Apr 02 14:59:22 +0000 2015,"April 11, 2015 is Bus Driver Appreciation Day! Make sure to acknowledge our hard working Drivers! @OttSchoolBus http://t.co/MHIN5rrrHW"
Tue Apr 07 13:37:59 +0000 2015,Many cards of appreciation for our bus drivers! We are so thankful to them for always keeping us safe! @OttSchoolBus http://t.co/HpjAxBwmpg
Tue Apr 07 13:42:51 +0000 2015,Driver Appreciation Day is on Saturday! We're busy getting ready for the event! All the 'Thank You' cards are great! @OttCatholicSB @OCDSB
Tue Apr 07 13:50:10 +0000 2015,@KarenMcNaught @OttCatholicSB @OCDSB you can give the card to the school and they will forward it to us to give to Sandy.
Sat Apr 11 14:36:28 +0000 2015,It's Driver Appreciation Day!  We have a great turnout with many surprises ahead. @OttCatholicSB @OCDSB http://t.co/tBqwl0PbVB
Mon Apr 13 20:51:53 +0000 2015,@OttSchoolBus big thanks to our wonderful drivers who bring precious cargo safely to school &amp; home everyday!! ?? http://t.co/DJTSILSQ9o
Mon Apr 13 20:54:47 +0000 2015,In recognition of 35 years of Safe Student Transportation. Great article about Mr. Robert Anderson. https://t.co/9bfqkqjhru
Thu Apr 16 18:59:24 +0000 2015,BLOG: @OttSchoolBus hosts first ever Driver Appreciation Day! #OCSB #GoodNews http://t.co/00HOm4pNAQ
Wed May 27 15:55:26 +0000 2015,Several Ottawa drivers are caught not obeying the stop sign attached to the school bus. Watch @CBCOttawa video: https://t.co/njfzpPl7HV
Wed Jun 03 15:38:58 +0000 2015,Register for the WSB in Sept 2015. Find out if ur school has a walking school bus.Sign up now! http://t.co/t4jj1cX5zw @OttCatholicSB @OCDSB
Thu Jun 18 19:59:18 +0000 2015,"Safety Awareness Day for 1st time riders is on Sunday, August 30, 2015. Info on OSTA website: http://t.co/R6k50ikneM @OCDSB @OttCatholicSB"
Tue Jun 30 13:31:40 +0000 2015,A little something to thank our bus drivers for their great driving each day.@OttSchoolBus http://t.co/TOPNVFWCOl
Tue Jun 30 13:33:21 +0000 2015,@CrystalPruys: please contact OSTA directly. We require more information in order to help answer your question. Thx
Tue Aug 04 14:59:43 +0000 2015,"@nick_morabito: Transportation info will be available on our website on August 24, 2015, using the Stop Finder."
Tue Aug 04 15:01:20 +0000 2015,"OSTA's First Time Rider Program (Safety Awareness Day) is on Sun. Aug. 30, 2015. Register Now!! http://t.co/R6k50ikneM"
Fri Aug 07 19:10:08 +0000 2015,OSTA has created walking route maps to help your child walk to school. Check them out here: http://t.co/tW1dfxpk96 @OttCatholicSB @OCDSB
Tue Aug 18 15:03:38 +0000 2015,BUS STOP INFO IS NOW AVAILABLE!! Check out our *NEW* Stop Finder https://t.co/m7kpKskUmj @OttCatholicSB @ocdsb
Tue Aug 18 15:10:30 +0000 2015,@isandewsmom: No it isn't. It is an error. Please contact us directly to notify us of this discrepancy. Thank you.
Tue Aug 18 15:11:17 +0000 2015,Eight #Ottawa schools plan for a #walking school bus program for September 2015 http://t.co/NgzKCsh4RP #ottnews @GCCCanada @OttSchoolBus
Tue Aug 18 15:22:59 +0000 2015,@BballMomEtc @OttCatholicSB @OCDSB who are you trying to send the email to (zone)?
Tue Aug 18 18:11:42 +0000 2015,"@retropc66 @OCDSB the email subscription has been disabled temporarily while we work on the issue. As for the typo, it has been fixed."
Tue Aug 18 18:49:26 +0000 2015,@Keatz19 @OttCatholicSB @OCDSB Speak to the Principal at your school. You may require a medical note attached to an empty seat form
Wed Aug 19 13:17:13 +0000 2015,OSTA is getting ready for school start up with our drivers! #driverinfosession @OttCatholicSB @ocdsb http://t.co/AMN9eKDDC5
Wed Aug 19 13:21:13 +0000 2015,Keeping drivers informed about the new changes for the 2015-16 school yr. #driverinfosession @OttCatholicSB @OCDSB http://t.co/GCA3Irerx9
Wed Aug 19 15:00:09 +0000 2015,"@gillianwhichelo @OCDSB @OttCatholicSB If there is missing info, please contact OSTA directly so we can help sort out the issue."
Wed Aug 19 15:01:42 +0000 2015,"@Cooperphysio @MetcalfePS  Although it may be a new company, they could be the same drivers. #changeisgood"
Wed Aug 19 15:07:00 +0000 2015,Don't forget to register for Safety Awareness Day on Sun. Aug. 30! More details here: http://t.co/R6k50ikneM @OttCatholicSB @OCDSB
Wed Aug 19 15:30:02 +0000 2015,Does ur school have a walking school bus? Find out here http://t.co/t4jj1cX5zw &amp; sign up 4 Sept. 2015! #GetYourWalkOn @OttCatholicSB @OCDSB
Mon Aug 24 13:41:32 +0000 2015,@CrystalPruys Admin should be back in schools. Please update any/all new information directly at the school.
Mon Aug 24 14:00:11 +0000 2015,"Safety Awareness Day is THIS SUNDAY. Aug. 30, 2015. Register Now!! http://t.co/R6k50ikneM @OttCatholicSB @OCDSB #1sttimerider #bussafety"
Wed Aug 26 16:47:32 +0000 2015,@CarlyAtTheTree Bus Routes Schedules will no longer be posted on our website. Only info of ur child's stop will be available via Stop Finder
Wed Aug 26 16:47:52 +0000 2015,"Walking to school helps improve a child's health &amp; grades!
@ottschoolbus has created walking route maps: http://t.co/42nqrYAHcb"
Wed Aug 26 18:22:23 +0000 2015,"Due to technical difficulties on OSTA's phone lines, a temporary phone number has been issued. To contact OSTA pls call: 1-855-556-2514. TY"
Wed Aug 26 18:37:05 +0000 2015,All student bus stop and route information is available online through the Parent Portal/Stop Finder. http://t.co/6pVAXXEvMy
Wed Aug 26 19:00:40 +0000 2015,@jesidas158 both elementary &amp; HS walk zones have changed. Please check your bus information using the stop finder https://t.co/m7kpKskUmj
Wed Aug 26 19:54:17 +0000 2015,@edgarmtoro This is the same info requested by OSTA over the phone.  Not many parents know their child's student number.
Wed Aug 26 20:51:48 +0000 2015,Our phones are up and running again! We apologize for an inconvenience. @OttCatholicSB @OCDSB
Fri Aug 28 14:07:19 +0000 2015,"Safety Awareness Day is this SUNDAY, Aug. 30, 2015!!  It's not too late to register ur child! http://t.co/o5Xbdx06OT @OttCatholicSB  @OCDSB"
Mon Aug 31 13:53:11 +0000 2015,It was another successful Safety Awareness Day! It was a great day with many 1st time riders &amp; parents! Thank you! http://t.co/6UrU1k6qiz
Mon Aug 31 13:59:27 +0000 2015,A BIG Thank You to all the staff &amp; volunteers at Safety Awareness Day! We couldn't have done it w/o all your help! @OttCatholicSB @OCDSB
Thu Sep 03 03:11:50 +0000 2015,Office Admins are back in schools this week. Changes to ur child's info should be done at the school. #backtoschool @OttCatholicSB @OCDSB
Tue Sep 08 12:31:34 +0000 2015,Welcome back for the 2015/16 school year. Yellow buses &amp; WSB are on the roads to help get students to school safely. @OttCatholicSB @OCDSB
Mon Sep 14 16:47:24 +0000 2015,Making certain drivers &amp; students have a safe ride. Part of the day for Mrs O'Brien VP @MonicaSchool MT @OttSchoolBus http://t.co/Ev7VFUiGgA
Tue Sep 22 15:08:52 +0000 2015,OSTA is reminding parents to pick up their Kindergarten students at their bus stop. @OttCatholicSB @OCDSB http://t.co/upfwqYRNgX
Mon Sep 28 14:59:35 +0000 2015,Let's raise awareness together with M.L. Bradley's poster contest! Contest rules and guidelines available here. http://t.co/G5HwLyzRmf
Tue Oct 13 13:39:18 +0000 2015,"@derickcassidy @OCDSB: Policy T11 - http://t.co/GvZk0vrbi7.
Students can be dropped off at the stop without a parent starting in gr.1"
Tue Oct 13 13:41:14 +0000 2015,Watch yesterday's iWALK Day event @ St.Jerome CS http://t.co/yoB9hNNFcZ @OttCatholicSB @ottawahealth @SROttawa @CanadaWalks @OttSchoolBus
Mon Oct 19 15:19:12 +0000 2015,School Bus Safety Week: Oct 19 - 23.  Join the conversation about school bus safety across the province #BusSafety15 http://t.co/1RZZO7USpG
Mon Oct 19 15:26:55 +0000 2015,Infographic for motorists on when to stop for school bus on different types of roadways.  #BusSafety15 http://t.co/IEePTpdFav
Tue Oct 20 13:18:57 +0000 2015,School bus safety rules - straight from the reasons why it matters.  Keep them safe.  #safetyfirst  #BusSafety15 https://t.co/q9NbsTh0j8
Tue Oct 20 14:48:58 +0000 2015,Great new video about #WalkToSchoolDay proclamation in YOW: https://t.co/5VRnJ7xWH1 @OttCatholicSB @OttSchoolBus @CanadaWalks @ottawahealth
Wed Oct 21 19:27:06 +0000 2015,Mayor proclaims Intl Walk to School Week in Ottawa: https://t.co/GLtUiAI8Fp @CanadaWalks @OCDSB @OttCatholicSB @ottawahealth  @OttSchoolBus
Wed Oct 21 19:27:57 +0000 2015,Think you can slide past a school bus when the lights are flashing? That HTA violation means $400 &amp; 6 demerit points https://t.co/l0OLv9zYvq
Thu Oct 22 13:16:18 +0000 2015,October 22 is School Bus Driver Appreciation Day.  Take a moment to thank your driver for all they do. #BusSafety15 https://t.co/lxwWbSZEkq
Fri Oct 23 13:34:41 +0000 2015,"Talk to ur kids about ""danger zones"" around a school bus to reinforce the safety training they receive #BusSafety15 https://t.co/EzxHG7R5lX"
Wed Nov 04 18:13:36 +0000 2015,It's a beautiful day for a @Ottawa67sHockey game. Ask us about the WSB and get a treat. #GetYourWalkOn #67sgameday https://t.co/jwOZjyKezT
Wed Nov 04 18:17:34 +0000 2015,@kristynwnderlnd: a notice would have been sent to the school for distribution to parents. Check with them. Or call OSTA directly.
Wed Nov 18 17:53:23 +0000 2015,Bus Evacuation Drills today for all Ss. Keeping our Ss safe is a priority! @OttCatholicSB @OttSchoolBus #STMottawa https://t.co/62dtzg2tlY
Wed Dec 02 12:37:33 +0000 2015,OSTA's website is temporarily out of order. OSTA is working on getting the site back up and running asap we apologize for the inconvenience
Wed Dec 02 12:42:04 +0000 2015,Delays and Parent Login are still accessible at https://t.co/0lfhLdVxUJ you can access delays in the top right corner
Thu Feb 25 10:42:49 +0000 2016,"All school transportation vehicles ARE running today February 25,  2016"
Fri Feb 26 17:06:47 +0000 2016,We are working on our website to improve service &amp; anticipate it will return to full service on Monday.
Fri Feb 26 17:07:32 +0000 2016,For cancellations or delays information go to: https://t.co/3vCMMKGet9. We appreciate your patience during this time.
Fri Feb 26 17:10:59 +0000 2016,We will be working on our website to improve service.  We anticipate it will return to full service on Monday.... https://t.co/yt7O6bhOEq
Mon Feb 29 09:45:01 +0000 2016,February 29 2016 All buses &amp; vans cancelled.Parents responsible for transportation of students attending open schools at end of day
Wed Mar 02 10:20:18 +0000 2016,"March 2, 2016 All buses &amp; vans ARE RUNNING"
Thu Mar 03 21:00:22 +0000 2016,Final #winterwalkday 2016 event @gopsocdsb tomorrow. Ideal forecast to get outside &amp; stretch those legs! @OCDSB @ottawahealth @CanadaWalks
Fri Mar 11 16:17:23 +0000 2016,OSTA's 2nd annual Driver Appreciation Day is on Sat. Apr.9!! We're looking forward to recognizing the individuals who keep our students safe
Mon Mar 21 20:08:16 +0000 2016,OSTA is looking for your feedback on our Student Active Transportation Policy! Take the survey: https://t.co/a1Fehz271s
Wed Mar 23 18:47:13 +0000 2016,Find out about what's happening with OSTA's Active Transportation Network for Winter 2016 in the ASRTS newsletter: https://t.co/t6Q1XzC9X2
Thu Mar 24 09:09:33 +0000 2016,"March 24,2016 All buses &amp; vans are cancelled. Parents are responsible for transportation of students attending open schools at end of day"
Fri Apr 01 14:19:46 +0000 2016,Healthy Kids Community Challenge grant will be funding 4 new OSTA WSB routes starting on Apr.4/16. For more info: https://t.co/OUjowNRXHW
Fri Apr 01 15:33:47 +0000 2016,New walking school buses set to launch @ 4 @OCDSB schools on Mon. Great partnership with @OttSchoolBus @ottawahealth to boost walk2school!
Mon Apr 04 13:59:03 +0000 2016,"Nice walking bus launch at St. Mary's. Always delighted seeing @EricaBraunovan, @tobi_nussbaum, @OttSchoolBus. https://t.co/vIH9KKYtMr"
Mon Apr 04 14:09:39 +0000 2016,Celebrating active transportation &amp; four new walking school bus routes w/ @OttSchoolBus (two in Rideau-Rockcliffe!) https://t.co/bzvvLRIhuq
Mon Apr 04 14:20:08 +0000 2016,Great turnout at Queen Mary PS WSB launch. Thanks for the support! @walk2schoolyow @SafetyOttawa @ottawahealth https://t.co/WHpvxSJ5Zm
Sat Apr 09 14:04:27 +0000 2016,It's Driver Appreciation Day!! What a great turnout of drivers and WSB leaders! Thank you for your hard work. https://t.co/sNBkvtTxvQ
Sat Apr 09 14:09:34 +0000 2016,Deputy Mayor Mark Taylor speaking at Driver Appreciation Day. #ottcity @ottawacity https://t.co/VP1Whu74Ku
Sat Apr 09 15:20:16 +0000 2016,Winners of OSTA's GEM (Going the Extra Mile) Award. You went above and beyond the call of duty. Thank you. https://t.co/muc07XHNoL
Sat Apr 09 15:24:28 +0000 2016,WSB Winners of the OSTA GEM (Going the Extra Mile) Award. We appreciate the WSB leaders. Thank you! @SafetyOttawa https://t.co/F0aNwJBZPy
Sat Apr 09 18:41:45 +0000 2016,@OCDSB &amp; @OttCatholicSB students show their appreciation to drivers with wonderful handmade cards. Great job! https://t.co/hab9H69xaB
Tue Apr 26 16:36:51 +0000 2016,RBPS proud to be piloting the Walking School Bus Junior Leaders Program. @OttSchoolBus https://t.co/hzIiwTAj0K
Tue Apr 26 16:37:01 +0000 2016,@dianedeans @MarkPFIsher: new junior leaders join @RobertBatemanPS Walking School Bus @SafetyOttawa @OttSchoolBus https://t.co/9AWBmOyrMz
Tue Apr 26 16:57:20 +0000 2016,"OSTA's School Active Transportation Policy has been passed! The 1st of its kind in Ontario! #GetYourWalkOn, bike &amp; roll to school everyday."
Tue Apr 26 18:05:13 +0000 2016,"RT: Unprecedented: @OttSchoolBus, @OCDSB, @OttCatholicSB have adopted active school travel policy. Congrats! @SafetyOttawa @SROttawa"
Wed May 18 13:18:10 +0000 2016,"In preparation for the 2016-2017 school year, OSTA has a few reminders to parents/guardians on our website at https://t.co/61ITNIxGpa"
Wed May 18 13:19:24 +0000 2016,@BikeWalkRoll @walk2schoolyow @OCDSB @OttCatholicSB @SafetyOttawa @SROttawa here's the policy -  https://t.co/1VgajPlBle
Wed Jun 08 19:15:18 +0000 2016,#SINKHOLE in DT Ottawa may cause transportation delays. Updates can be found here: https://t.co/2qVlyt3ybH
Tue Jun 28 18:10:21 +0000 2016,It's the last week of school! OSTA offices are open in the summer from 8am-5pm to assist with any changes to your child's transportation.
Tue Jun 28 18:16:29 +0000 2016,Check out our website -https://t.co/nwwclUFic8  - for any updates over the summer and during the school year.
Thu Jun 30 15:58:07 +0000 2016,Our buses pulled away for the last time. Thank you to our drivers for keeping us safe all year. @OttSchoolBus https://t.co/M7JFy5haTv
Thu Jun 30 16:00:33 +0000 2016,Don't forget to sign up for our Safety Awareness Day for 1st time riders on Aug. 28/16. Read more and register at https://t.co/o5Xbdx06OT.
Wed Aug 10 13:09:23 +0000 2016,Our Safety Awareness Day for 1st time riders is on Aug. 28/16. To read more and register at https://t.co/yQLQiYjCPs.
Mon Aug 15 12:50:45 +0000 2016,Access to the parent login is available today! Find out your child(ren)'s transportation information here: https://t.co/GX6VPyEAEl
Tue Aug 16 13:51:08 +0000 2016,Subscribe to our mailing list to receive notifications of transportation cancellations or delays! Sign up here: https://t.co/Q37XnG7EuV
Mon Aug 22 14:19:18 +0000 2016,"@MissBoogieBoo2: if you're not able to find the information online, please contact us directly at 613-224-8800."
Mon Aug 22 14:32:31 +0000 2016,WSB registration is open! Your child can walk to school with their peers every AM! More info-https://t.co/32iSQIJZDz https://t.co/OGkx2ntWeL
Wed Aug 24 12:13:30 +0000 2016,OSTA will no longer be making changes to your child(ren)'s record. Please contact the school. Schools will be open on Aug. 29/16.
Thu Aug 25 14:12:00 +0000 2016,It's not too late to sign up for our Safety Awareness Day for 1st time riders on this Sun. Aug. 28/16. Register at https://t.co/yQLQiYjCPs .
Thu Aug 25 17:23:53 +0000 2016,"@momomoto: Each site provides OSTA with the # of families that attend the event, so we ask that you 'register' so we can prep appropriately,"
Mon Aug 29 12:59:15 +0000 2016,Thanks to @OttSchoolBus for a great School Bus Safety Day! #ocdsb #kindergartenherewecome https://t.co/IdB46JLpR5
Mon Aug 29 12:59:21 +0000 2016,Lots of fun today learning about bus safety with @OttSchoolBus ! Thank you to your incredibly friendly staff! https://t.co/uZ21KxuYPT
Mon Aug 29 13:03:43 +0000 2016,"It was another successful Safety Awareness Day! Thank You to the staff, volunteers and participants for coming out! @OttCatholicSB @OCDSB"
Mon Aug 29 14:26:42 +0000 2016,@amyboughner: pls email your child's school zone with the name of the person and it will be directed to the bus company/driver.
Mon Aug 29 14:29:46 +0000 2016,"@ottvalleygirl: schools are open, so you can register your child today. Once registered, it will take 3-5 days before trans. is available"
Mon Aug 29 14:33:11 +0000 2016,@TiBrown88: please contact OSTA offices directly at 613-224-8800.
Mon Aug 29 15:35:02 +0000 2016,@tazuzali: you can download the form here - https://t.co/3fccCSKARA. Principals approve for @OCDSB and OSTA approves for @OttCatholicSB.
Tue Aug 30 19:56:08 +0000 2016,"Vehicle owners can be fined $400-$2,000 +6 demerit points if their vehicle illegally passes a stopped school bus. https://t.co/aFpA1dIPOC"
Wed Aug 31 13:40:51 +0000 2016,Bus camera pilot becomes permanent -- https://t.co/5lz8QSN7eM #ottnews https://t.co/GLNpBxkbLj
Fri Sep 02 13:48:06 +0000 2016,There has been a change in the OSTA empty seat procedure for 2016/2017.  More info can be found here: https://t.co/dMwM89Bteo
Fri Sep 02 14:54:02 +0000 2016,Voyageur Transportation has changed its name to Voyago. The company's contact info remains the same.
Fri Sep 02 20:07:11 +0000 2016,@rrg2365: OSTA stopped posting bus route schedules since the 2014-2015 school year. Find all updated bus info here - https://t.co/lGZn0vuNcU
Tue Sep 06 12:00:56 +0000 2016,Welcome back to a new school year!
Tue Sep 06 18:47:39 +0000 2016,Thank you @OttawaPolice to help make roads safer for all our students! https://t.co/5RGDST21JU
Wed Sep 07 21:36:24 +0000 2016,@ChristinaLeek: pls email the zone your child's school is in. For more detail - https://t.co/HBPZM3tVzb. Click the map to find your school.
Mon Sep 12 15:26:42 +0000 2016,School is back &amp; so is @OttSchoolBus's Walking School Bus! https://t.co/AlJa9lCFbj @OCDSB @OttCatholicSB @ottawahealth @SafetyOttawa
Wed Sep 14 19:26:24 +0000 2016,@LaurieMacMor: 4 ways are used if/when the bus is picking up/dropping off students  near a controlled intersection (traffic lights).
Thu Sep 29 16:03:11 +0000 2016,How will your school celebrate #walktoschool month in October? Register your event to receive a Certificate. https://t.co/tiujoxR3l3
Thu Sep 29 16:03:45 +0000 2016,RT @ottawahealth @SROttawa @OttSchoolBus @OCDSB @OttCatholicSB @SafetyOttawa https://t.co/qT1BMnVxgz
Fri Sep 30 18:47:19 +0000 2016,RT @ottawahealth @OttSchoolBus @OCDSB @OttCatholicSB @SROttawa @SafetyOttawa https://t.co/8SGnDGrsNF
Mon Oct 03 15:29:51 +0000 2016,OSTA has started the process of reviewing and approving @OttCatholicSB empty seat applications. Your continued patience is appreciated.
Mon Oct 03 15:56:26 +0000 2016,@BlairAWriter @OCDSB: empty seat applications are reviewed and approved by the school principal.
Mon Oct 03 16:14:50 +0000 2016,@BlairAWriter: OSTA approves for OCSB students/OCDSB principals approve for their schools. Outlined on our website - https://t.co/mvpCQkzpfV
Mon Oct 03 16:51:25 +0000 2016,RT @OttSchoolBus @OCDSB @OttCatholicSB @SROttawa @SafetyOttawa @ottawahealth https://t.co/YEyBXrUvmW
Wed Oct 05 18:06:36 +0000 2016,Thanks @SafetyOttawa for walking the talk on Intl #walktoschoolday! @CanadaWalks @OttSchoolBus @SROttawa @ottawahealth https://t.co/PzNHeJ37G0
Wed Oct 05 18:06:49 +0000 2016,Celebrating iWalk at Chapel Hill!  How many students will walk/bike home after school?@walkottawa @OttSchoolBus https://t.co/RgDtzkuUaC
Wed Oct 05 18:07:44 +0000 2016,"In partnership with @CAA, OSTA is distributing a new safety brochure with easy-to-follow tips. Find out more at https://t.co/P6rFykIo9Q"
Wed Oct 12 19:51:22 +0000 2016,Empty seat applications are being approved. Check the parent portal to find out if your child can access the bus -  https://t.co/m7kpKsCvdR
Wed Oct 19 19:00:18 +0000 2016,What a beautiful day 4 iWALK @altavistaps ! Thanks to @JeanCloutierOtt and  @OttawaPolice for joining us. @ottawahealth #walktoschool https://t.co/0JLsfn3s1D
Wed Oct 19 19:04:46 +0000 2016,Today is Driver Appreciation Day. Make sure to thank your school bus/small vehicle driver! https://t.co/Y1a5gcMU4Z
Tue Oct 25 20:39:41 +0000 2016,Are you using the cold weather as an excuse not to walk to school? Don't! Here's how to ditch all the excuses https://t.co/Hs2IRbPFz0 https://t.co/ZqzwMnrFSI
Wed Oct 26 15:24:24 +0000 2016,OSTA is having intermittent phone issues today. We appreciate your patience as this issue is being resolved. You can contact us by email.
Wed Oct 26 15:37:04 +0000 2016,"For a speedy response, please email your school zone directly. Email addresses can be found https://t.co/1yk8FtfjMi. https://t.co/UzIO1CRCQf"
Wed Oct 26 18:42:06 +0000 2016,OSTA's phone issues have been resolved.
Thu Oct 27 16:44:13 +0000 2016,RT @JoanneMacEwan @OttCatholicSB Way 2 go @GoodShepherd_ES. Glad to support your #schooltravelplanning efforts! @OttSchoolBus @OCSBeco
Fri Oct 28 12:07:34 +0000 2016,#OCSB Trustee &amp; @OttSchoolBus Chair @JoanneMacEwan welcomes guests to the IWALK 2016 Reception &amp; School Travel Planning Graduation https://t.co/3U7aGbITZg
Tue Nov 08 17:34:40 +0000 2016,LIVE on #Periscope: Safer School Zones Announcement https://t.co/aVKmzjfG65
Wed Nov 09 15:13:32 +0000 2016,"OSTA's WSB had some company yesterday from @Kathleen_Wynne, @JimWatsonOttawa and our other @ottawacity Active Trans partners at Elmdale PES. https://t.co/wuHDOqDBLu"
Fri Nov 11 13:35:04 +0000 2016,https://t.co/keLDd7jv7G
Wed Nov 16 13:59:48 +0000 2016,OSTA is at the @Ottawa67sHockey game day promoting the WSB and other Active Transportation programs! #GetYourWalkOn https://t.co/iFnMdfrmBj
Wed Nov 16 16:58:33 +0000 2016,Great turnout at the 67s student game day! https://t.co/qAFHaIXVvs
Fri Nov 18 16:27:48 +0000 2016,@torads: address changes are done at the school. OSTA receives the new info the next day and will assign trans accordingly.
Wed Nov 23 15:35:36 +0000 2016,OSTA is having intermittent phone issues today. We appreciate your patience as this issue is being resolved. You can contact us by email.
Wed Nov 23 16:42:11 +0000 2016,OSTA's phone issues have been resolved.
Wed Nov 30 20:14:23 +0000 2016,Students learning about school bus evacuation safety. @OttSchoolBus @MLBradleyLtd https://t.co/qw6Y7nYjNH
Fri Dec 02 17:42:49 +0000 2016,"GREAT WORK @OttSchoolBus; delivering safe, efficient, effective multi-modal transportation solutions for students @MLHealthUnit https://t.co/Sy6EOMnDQ2"
Mon Mar 06 14:41:55 +0000 2017,Vicky Kyriaco OSTA CAO/GM honoured as Finalist for 2016 Business Woman of the Year Award.  The big reveal is April 20 2017 @thebyasottawa
Tue Mar 07 10:15:02 +0000 2017,"Tuesday March 7,2017 All buses &amp; vans cancelled.Parents responsible for transportation of students attending open schools at end of day"
Fri Apr 21 19:24:32 +0000 2017,"Congratualtions! Vicky Kyriaco, GM/CAO of OSTA, Businesswoman of the Year 2016. @BYAOttawa"
Tue Apr 25 17:35:07 +0000 2017,Business Woman of the Year - Vicky Kryiaco from OSTA receives in the Organization category https://t.co/Rj9Apm29co @BYAOttawa
Mon Jun 05 18:49:49 +0000 2017,"Ottawa Safety Council is hiring crossing guards. Ottawa Safety Council is a partner of OSTA, OCSB &amp; OCDSB Click https://t.co/tTM83aC8wz"
Thu Aug 10 17:00:00 +0000 2017,Transportation info is now on OSTA Parent Web Portal https://t.co/XkNPSR0jjc.  Stop timings may change so check again before school starts
Mon Aug 14 17:52:47 +0000 2017,Register online now for School Bus and Pedestrian Safety Day! Help your child have a safe start to the school year. https://t.co/AqPt3oWdc0
Mon Aug 28 15:38:23 +0000 2017,Reminder Eligible students will be able to pick up Presto cards @ school. check https://t.co/ajLG8rvUqk  end of this week for route changes
Mon Aug 28 15:39:11 +0000 2017,Reminder Eligible students will be able to pick up Presto cards @ school. check https://t.co/ajLG8rvUqk   end of this week for route changes
Fri Sep 01 15:15:42 +0000 2017,Check out our new safety tips and videos at https://t.co/WO6gmv3egh before school starts. Safety is everyones responsibility
Fri Sep 15 15:32:44 +0000 2017,Register online now for School Bus and Pedestrian Safety Day on Sept 24!! Help your child ride the bus safely https://t.co/AqPt3oWdc0
Mon Sep 18 17:29:49 +0000 2017,"St. Pius HS &amp; Ottawa Technical School will not be offering School Bus Safety Day on September 24th, 2017.  All other sites will be operating"
Tue Sep 19 12:50:50 +0000 2017,"School Bus and Pedestrian Safety Day Location Changes! 

St Pius HS and Ottawa Tech SS locations will not be... https://t.co/D14o3vvojU"
Thu Sep 21 16:07:07 +0000 2017,Register online now for School Bus and Pedestrian Safety Day on Sept 24!! Help your child ride the bus safely https://t.co/AqPt3oWdc0
Mon Oct 16 13:49:16 +0000 2017,OSTA is seeking feedback about our transportation services for students with special needs https://t.co/ntpYSmcAqG
Tue Dec 12 10:50:56 +0000 2017,"Buses and vans are running today December 12,2017. OSTA has not cancelled services."
Thu Dec 14 14:53:12 +0000 2017,"Due to a technical glitch, subscribers who joined OSTA's email notification between 12:01 AM and 2:15 PM on Wednesday December 13 2017, were lost.  Please re-subscribe now to receive important transportation information.  We apologise for any inconvenience."
Thu Jan 11 10:52:41 +0000 2018,"Thursday January 11,2018 All buses &amp; vans cancelled due to icy road conditions on residential and rural streets..Parents responsible for transportation of students attending open schools at end of day"
Tue Jan 23 09:18:17 +0000 2018,"All buses &amp; vans are cancelled for today Tuesday January 23 2018 due to icy road conditions on residential and rural streets. Schools are open, parents/guardians are responsible for transportation of students attending open schools and responsible for pick up at end of day"
Fri Feb 23 09:59:06 +0000 2018,"Friday February 23,2018 all buses &amp; vans are cancelled due to freezing rain expected early afternoon today .Parents responsible for transportation of students attending open schools at end of day"
Thu Apr 12 17:47:04 +0000 2018,"OSTA Supports the Humboldt Broncos, #Humboldtstrong https://t.co/wsLTfw606T"
Tue May 01 16:30:28 +0000 2018,"Spring Safety Reminder  https://t.co/D21BahCHxJ
#schoolbussafety #springisfinallyhere https://t.co/xyDV4O8xL9"
Mon Jun 25 14:38:29 +0000 2018,Know someone who wants to make a difference in kids lives?  Be a school bus driver!  Visit https://t.co/AZDLBFrksu for more info today.
Tue Aug 21 18:12:36 +0000 2018,"Bus Stop Finder is Now Open.  

Student transportation information is now available on the OSTA Parent Web Portal https://t.co/SWUgK33GJz 

Please re-verify transportation information the week prior to school start-up as stop timings may have changed."
Wed Aug 29 16:37:02 +0000 2018,School bus safety brochures and videos are available at https://t.co/fo2Vr4LwU9   Prepare your little ones for their first day of school.
Wed Aug 29 18:02:58 +0000 2018,School zone safety is everyones responsibility! Park a little farther from the school and WALK A BLOCK! YOU can help kids stay safe!
Thu Aug 30 12:00:06 +0000 2018,"School zone safety is everyones responsibility! If you drive your kids to school, slow down, use designated drop off points, avoid double parking and making u turns. YOU can help kids stay safe!"
Thu Aug 30 18:00:05 +0000 2018,"Get in the WALK n Roll Zone! Practice walking to school and review pedestrian safety!
https://t.co/unyn7RXCxh"
Fri Aug 31 12:00:09 +0000 2018,"Get in the WALK n ROLL Zone! Walking to school helps reduce traffic in school zones, is great exercise and connects you with your community.  
Check  https://t.co/unyn7RXCxh"
Fri Aug 31 18:00:06 +0000 2018,WALK a BLOCK today. Park your car farther from the school and avoid all the congestion.  Exercise before class helps kids get ready to learn and its good for the environment.
Mon Sep 10 18:15:56 +0000 2018,Help kids walk and roll to school safely.  Be a crossing guard.  The Ottawa Safety Council is hiring now https://t.co/M8tOv8uu2R https://t.co/wa07IOh8UN
Fri Sep 14 13:07:26 +0000 2018,"A reminder that parents/quardians of kindergarten students MUST meet their child at the bus stop in the afternoon.  If they are not met, students may be returned to the school or dropped off at the nearest police station."
Thu Sep 27 16:41:53 +0000 2018,"OSTA staff is focused on providing support and services for students and their families, and school communities most affected by the tornadoes.  Due to a disruption of service, and... https://t.co/Kc9XNm4VG3"
Mon Oct 01 19:22:01 +0000 2018,"**UPDATE** Temporary Transportation for Affected Areas  for October 2, 2018. 

Click link for stops

https://t.co/SJGA2auDay"
Wed Oct 10 22:35:06 +0000 2018,Please refer to updated list of schools whose empty seat assignments are completed at https://t.co/YwYy1k3fCd the parent web portal for route/stop information. Due to the volume of applications we cannot respond to inquiries regarding the status of individual applications.
Thu Oct 11 22:33:29 +0000 2018,OSTA is pleased to announce it is the recipient of a $100K grant from the Ontario Active School Travel Fund a program of Green Communities Canada to promote and expand services for those who walk and roll to school. https://t.co/61ITNIPhgI #GetYourWalkOn.
Fri Oct 12 17:33:50 +0000 2018,"Fantastic Community Walk Event at Half Moon Bay PS and St Benedict CS this morning!  Thanks to all the parents who Walked a Block with their children. And kudos to all the students who wore helmets while biking, scootering and rollerblading today. #GetYourWalkOn"
Mon Oct 15 19:12:03 +0000 2018,Updated School List for empty seat assignments has been posted on https://t.co/61ITNIPhgI.  Thank you for your patience as we process 5000+ applications.
Mon Oct 15 22:18:30 +0000 2018,Some empty seat assignments were done today and may not show up on the parent web portal until tomorrow due to system issues.  We apologize for the inconvenience and recommend you re-visit our web portal tomorrow afternoon if you do not find seat information today.
Fri Oct 19 19:14:24 +0000 2018,ALL empty seat assignments for elementary and secondary schools have now been completed.  Please check the Parent Web Portal/Bus Stop Finder to verify your child's stop information.
Thu Jan 17 23:23:48 +0000 2019,There are no service disruptions expected for students of OCDSB and OCSB in the near future.  Safety continues to be our priority. Please refer to https://t.co/61ITNIPhgI for information regarding recent news reports of a potential strike at OSTA.
Wed Jan 23 20:12:11 +0000 2019,"@Kmcdowell2011 @grahamctv Due to an error on our website that showed bussing being cancelled for Thursday January 24 this was incorrect and has been fixed, please check tomorrow for any cancelations"
Wed Jan 23 20:22:52 +0000 2019,"@CarrieLoula Due to an error on our website that showed bussing being cancelled for Thursday January 24 this was incorrect and has been fixed, please check tomorrow for any cancelations"
Tue Feb 12 11:16:06 +0000 2019,"Forecast snow of 3cm this afternoon, heavy at times.  Transportation is running today, and we anticipate delays getting home.  If you are late meeting your KG child at the stop, please call the operator, the school or OSTA."
Tue Feb 12 12:44:23 +0000 2019,Please remember that parents or guardians always have the option to make alternate arrangements or keep their child(ren) at home.
Tue Feb 12 22:01:29 +0000 2019,"Due to the extreme weather conditions, all school buses &amp; school vans are cancelled for Wednesday February 13,2019. All OCSB and OCDSB Schools and board office locations are closed.  OSTA will also be closed."
Wed Feb 13 11:00:11 +0000 2019,All transportation services are cancelled today Wednesday February 13 2019. SCHOOLS ARE CLOSED.
Tue Feb 26 20:08:17 +0000 2019,"We are pleased to announce that OSTA and OSSTF/ESP have reached an agreement concluding their bargaining.  On February 26, 2019 a Memorandum of Understanding was signed by both parties.  The deal has been ratified by OSSTF members, as well as by the OSTA Board of Directors."
Thu Feb 28 00:19:04 +0000 2019,ALERT: OSTA has completed its review of National routes and re-assignment of students to alternate transportation to begin Monday March 4 2019. Click https://t.co/OzjDUvCR5g for more information.
Fri Mar 01 20:04:27 +0000 2019,"NEW information regarding OC Transpo service to St Paul HS for Monday March 4, 2018 https://t.co/4WnOtWEatB"
Fri Mar 01 20:15:25 +0000 2019,"UPDATE March 1,2019 : National routes and re-assignment of students to alternate transportation to begin Monday March 4 2019 has been updated please check https://t.co/OzjDUvCR5g"
Fri Mar 01 22:29:17 +0000 2019,A HUGE THANK YOU to the drivers who are taking on extra work so that kids can get to school safely and on time on Monday.
Mon Apr 08 09:21:53 +0000 2019,"Due to icy road conditions all school buses &amp; school vans are cancelled for today Monday April 8, 2019. Schools are open, however parents/guardians are responsible for transportation of students attending open schools at the end of the day."
Tue Jun 11 17:50:50 +0000 2019,"All routes originally affected by flooding will return to normal as of Thursday June 13, 2019. Please refer to https://t.co/OHR87Ft9Ms on Wednesday June 12, if you are unsure of timing and location of the original stop."
Wed Jun 19 17:50:13 +0000 2019,"Do you want to make a difference in your community? OSTA &amp; its Operators are looking for patient, trustworthy people who enjoy kids to become school bus or van driver ! Click link for more info https://t.co/Fbf5YeXe10 https://t.co/hZhcaQdvXK"
Mon Aug 19 14:50:16 +0000 2019,"Parent Web PortalandBus Stop Finderare now open. For questions or requests, we encourage you to submit aTransportation Issueform. Welcome back!

Click on https://t.co/0RulyElsaX for all the links."
Mon Aug 19 18:40:40 +0000 2019,"School Bus and Pedestrian Safety Day is on Sun Aug 25. New riders learn safety rules, ride the bus, cross the street, watch for traffic.  Help your child be safe. Register today!

https://t.co/AsrzCHe6pw"
Tue Aug 20 18:02:30 +0000 2019,There is a CHANGE IN LOCATION for School Bus and Pedestrian Safety Day.  The sessions at WOODROFFE HS have been moved to ST PAUL HS at 2675 Draper Ave. We hope to see you there.
Mon Aug 26 20:29:12 +0000 2019,Public Transit Training for students in grades 7-12 new to taking the city bus and train is being offered Tuesday at St Paul HS and Wednesday at Notre Dame HS this week. Click link for more information.   https://t.co/0wqfJPzBhm
Tue Aug 27 16:55:54 +0000 2019,"Please take a few moments to give us feedback on the School Bus &amp; Pedestrian Safety Day - even if you didn't attend, we still want to hear from you!

https://t.co/zMcYgo7BcT"
Thu Sep 05 15:54:22 +0000 2019,"OSTA and our Operators are pleased to be working with @OttawaPolice, and @ottawacity, to deploy four special buses with stop-arm cameras on our routes. These cameras will help OPS enforce traffic laws and will improve safety for students at bus stops. https://t.co/jJdPLHjBj7"
Fri Oct 04 13:47:50 +0000 2019,Student transportation may be altered by potential school closures at OCSB (English Catholic) on Monday Oct 7.  Please visit OSTA's website to find out how transportation for your child may be affected: https://t.co/krZZjQEs2k
Mon Oct 07 01:38:01 +0000 2019,Transportation will be running for ALL schools tomorrow. #ocsb #ocdsb
Thu Oct 10 16:46:14 +0000 2019,"We are in the process of assigning students to empty seats. Please don't call to check on our progress - it slows us down. Instead, check the website to see if your school has been completed, and then the portal for route information: https://t.co/s1FDCx6wEb"
Tue Oct 22 12:50:13 +0000 2019,"A Crossing Guard position is great for retirees, stay at home parents and anyone looking for a flexible part time job. It's a wonderful way to connect with your neighborhood and provide a valuable service to your community. https://t.co/AC8zepqt6j https://t.co/Xis95IdlXr"
Thu Oct 31 12:36:39 +0000 2019,A vehicle fire has caused a power outage in the Moodie/strandherd/ cedarview area . Expect delays as buses in this area have been delayed starting their routes
Fri Nov 01 16:15:58 +0000 2019,Not using the bus? Help free up space for students in need of a seat by filling out a NOTIFICATION TO DECLINE TRANSPORTATION FORM https://t.co/OtnLV94xSs
Mon Nov 11 19:09:27 +0000 2019,"Winter is Coming - Are You Ready for Inclement Weather?
Student safety is always our number one priority and thats why we base our decisions on the best and most up-to-date information. Read more about OSTAs inclement weather policies and procedures https://t.co/FYx6l1H6z1"
Tue Nov 12 10:23:34 +0000 2019,"Due to inclement weather all school buses &amp; school vans are cancelled for today Tuesday November 12,2019. Schools are open, however parents/guardians are responsible for transportation of students attending open schools at the end of the day."
Tue Dec 03 18:27:19 +0000 2019,"IMPORTANT NOTICE: Potential transportation cancellation for Ottawa-Carleton District School Board tomorrow, December 4, 2019.  Transportation for Ottawa Catholic School Board will be provided as usual. Please visit https://t.co/DJ4mnNrdMV for more information."
Wed Dec 04 06:06:33 +0000 2019,"Transportation for OCDSB (English Public) has been cancelled today, Dec 4, 2019 and all OCDSB schools are closed due to labour action.  Transportation for Ottawa Catholic School Board (English Catholic) will be provided as usual.  For more information https://t.co/RMHuR0zqav"
Mon Dec 09 21:07:25 +0000 2019,"School Bus Driver Preparatory Course info sessions are taking place Dec 10, 11 and 12 from 9-11am. Register now: https://t.co/1vrGiWBuLi for training and skills development https://t.co/MK5ww8UMs3"
